<?xml version="1.0" encoding="UTF-8"?>

<!--XBRL Document Created with the Workiva Platform-->
<!--Copyright 2025 Workiva-->
<!--r:74c6b80b-342e-4a16-993e-9f58e4e46f15,g:276611f9-1cb5-4eb8-ae3e-8bb2136c02c3-->
<link:linkbase xmlns:link="http://www.xbrl.org/2003/linkbase" xmlns:xlink="http://www.w3.org/1999/xlink" xmlns:xsi="http://www.w3.org/2001/XMLSchema-instance" xsi:schemaLocation="http://www.xbrl.org/2003/linkbase http://www.xbrl.org/2003/xbrl-linkbase-2003-12-31.xsd">
  <link:roleRef roleURI="http://www.raymondjames.com/role/CoverPage" xlink:type="simple" xlink:href="rjf-20250423.xsd#CoverPage"/>
  <link:presentationLink xlink:role="http://www.raymondjames.com/role/CoverPage" xlink:type="extended">
    <link:loc xlink:type="locator" xlink:label="loc_dei_CoverAbstract_03d88864-91fe-481e-a890-d827edf0f493" xlink:href="https://xbrl.sec.gov/dei/2024/dei-2024.xsd#dei_CoverAbstract"/>
    <link:loc xlink:type="locator" xlink:label="loc_dei_DocumentInformationTable_6eea7a4b-0f2c-438c-9ef1-5ea533e8cff5" xlink:href="https://xbrl.sec.gov/dei/2024/dei-2024.xsd#dei_DocumentInformationTable"/>
    <link:presentationArc order="1" xlink:arcrole="http://www.xbrl.org/2003/arcrole/parent-child" xlink:from="loc_dei_CoverAbstract_03d88864-91fe-481e-a890-d827edf0f493" xlink:to="loc_dei_DocumentInformationTable_6eea7a4b-0f2c-438c-9ef1-5ea533e8cff5" xlink:type="arc" preferredLabel="http://www.xbrl.org/2003/role/terseLabel"/>
    <link:loc xlink:type="locator" xlink:label="loc_us-gaap_StatementClassOfStockAxis_2fd60161-dec8-403b-99b8-2e026e186655" xlink:href="https://xbrl.fasb.org/us-gaap/2024/elts/us-gaap-2024.xsd#us-gaap_StatementClassOfStockAxis"/>
    <link:presentationArc order="1" xlink:arcrole="http://www.xbrl.org/2003/arcrole/parent-child" xlink:from="loc_dei_DocumentInformationTable_6eea7a4b-0f2c-438c-9ef1-5ea533e8cff5" xlink:to="loc_us-gaap_StatementClassOfStockAxis_2fd60161-dec8-403b-99b8-2e026e186655" xlink:type="arc" preferredLabel="http://www.xbrl.org/2003/role/terseLabel"/>
    <link:loc xlink:type="locator" xlink:label="loc_us-gaap_ClassOfStockDomain_1e9fb1b5-e67b-4b53-9ff8-d17120d32d36" xlink:href="https://xbrl.fasb.org/us-gaap/2024/elts/us-gaap-2024.xsd#us-gaap_ClassOfStockDomain"/>
    <link:presentationArc order="1" xlink:arcrole="http://www.xbrl.org/2003/arcrole/parent-child" xlink:from="loc_us-gaap_StatementClassOfStockAxis_2fd60161-dec8-403b-99b8-2e026e186655" xlink:to="loc_us-gaap_ClassOfStockDomain_1e9fb1b5-e67b-4b53-9ff8-d17120d32d36" xlink:type="arc" preferredLabel="http://www.xbrl.org/2003/role/terseLabel"/>
    <link:loc xlink:type="locator" xlink:label="loc_us-gaap_CommonStockMember_02d8ae4e-5bbf-4d87-a8a3-015b69b69b0f" xlink:href="https://xbrl.fasb.org/us-gaap/2024/elts/us-gaap-2024.xsd#us-gaap_CommonStockMember"/>
    <link:presentationArc order="1" xlink:arcrole="http://www.xbrl.org/2003/arcrole/parent-child" xlink:from="loc_us-gaap_ClassOfStockDomain_1e9fb1b5-e67b-4b53-9ff8-d17120d32d36" xlink:to="loc_us-gaap_CommonStockMember_02d8ae4e-5bbf-4d87-a8a3-015b69b69b0f" xlink:type="arc" preferredLabel="http://www.xbrl.org/2003/role/terseLabel"/>
    <link:loc xlink:type="locator" xlink:label="loc_rjf_DepositarySharesSeriesBMember_11ba675a-f809-4d69-baa3-08ab149aed54" xlink:href="rjf-20250423.xsd#rjf_DepositarySharesSeriesBMember"/>
    <link:presentationArc order="2" xlink:arcrole="http://www.xbrl.org/2003/arcrole/parent-child" xlink:from="loc_us-gaap_ClassOfStockDomain_1e9fb1b5-e67b-4b53-9ff8-d17120d32d36" xlink:to="loc_rjf_DepositarySharesSeriesBMember_11ba675a-f809-4d69-baa3-08ab149aed54" xlink:type="arc" preferredLabel="http://www.xbrl.org/2003/role/terseLabel"/>
    <link:loc xlink:type="locator" xlink:label="loc_dei_DocumentInformationLineItems_c07f6fee-e8b9-4aac-ad42-3e49920d0729" xlink:href="https://xbrl.sec.gov/dei/2024/dei-2024.xsd#dei_DocumentInformationLineItems"/>
    <link:presentationArc order="2" xlink:arcrole="http://www.xbrl.org/2003/arcrole/parent-child" xlink:from="loc_dei_DocumentInformationTable_6eea7a4b-0f2c-438c-9ef1-5ea533e8cff5" xlink:to="loc_dei_DocumentInformationLineItems_c07f6fee-e8b9-4aac-ad42-3e49920d0729" xlink:type="arc" preferredLabel="http://www.xbrl.org/2003/role/terseLabel"/>
    <link:loc xlink:type="locator" xlink:label="loc_dei_DocumentType_0e9de449-99b0-4fbd-9eb8-083656c8681a" xlink:href="https://xbrl.sec.gov/dei/2024/dei-2024.xsd#dei_DocumentType"/>
    <link:presentationArc order="1" xlink:arcrole="http://www.xbrl.org/2003/arcrole/parent-child" xlink:from="loc_dei_DocumentInformationLineItems_c07f6fee-e8b9-4aac-ad42-3e49920d0729" xlink:to="loc_dei_DocumentType_0e9de449-99b0-4fbd-9eb8-083656c8681a" xlink:type="arc" preferredLabel="http://www.xbrl.org/2003/role/terseLabel"/>
    <link:loc xlink:type="locator" xlink:label="loc_dei_DocumentPeriodEndDate_13a3e4a8-9584-4ff9-bb89-cebf6451b2ba" xlink:href="https://xbrl.sec.gov/dei/2024/dei-2024.xsd#dei_DocumentPeriodEndDate"/>
    <link:presentationArc order="2" xlink:arcrole="http://www.xbrl.org/2003/arcrole/parent-child" xlink:from="loc_dei_DocumentInformationLineItems_c07f6fee-e8b9-4aac-ad42-3e49920d0729" xlink:to="loc_dei_DocumentPeriodEndDate_13a3e4a8-9584-4ff9-bb89-cebf6451b2ba" xlink:type="arc" preferredLabel="http://www.xbrl.org/2003/role/terseLabel"/>
    <link:loc xlink:type="locator" xlink:label="loc_dei_EntityRegistrantName_864f0b11-92d1-43a9-b773-74bb1a7b3bf7" xlink:href="https://xbrl.sec.gov/dei/2024/dei-2024.xsd#dei_EntityRegistrantName"/>
    <link:presentationArc order="3" xlink:arcrole="http://www.xbrl.org/2003/arcrole/parent-child" xlink:from="loc_dei_DocumentInformationLineItems_c07f6fee-e8b9-4aac-ad42-3e49920d0729" xlink:to="loc_dei_EntityRegistrantName_864f0b11-92d1-43a9-b773-74bb1a7b3bf7" xlink:type="arc" preferredLabel="http://www.xbrl.org/2003/role/terseLabel"/>
    <link:loc xlink:type="locator" xlink:label="loc_dei_EntityIncorporationStateCountryCode_7861a7ba-6b9f-4f7c-9a1c-2c4a7dc565a9" xlink:href="https://xbrl.sec.gov/dei/2024/dei-2024.xsd#dei_EntityIncorporationStateCountryCode"/>
    <link:presentationArc order="4" xlink:arcrole="http://www.xbrl.org/2003/arcrole/parent-child" xlink:from="loc_dei_DocumentInformationLineItems_c07f6fee-e8b9-4aac-ad42-3e49920d0729" xlink:to="loc_dei_EntityIncorporationStateCountryCode_7861a7ba-6b9f-4f7c-9a1c-2c4a7dc565a9" xlink:type="arc" preferredLabel="http://www.xbrl.org/2003/role/terseLabel"/>
    <link:loc xlink:type="locator" xlink:label="loc_dei_EntityFileNumber_1a2e81b8-a2e4-4abc-99bc-6836d4c2a36c" xlink:href="https://xbrl.sec.gov/dei/2024/dei-2024.xsd#dei_EntityFileNumber"/>
    <link:presentationArc order="5" xlink:arcrole="http://www.xbrl.org/2003/arcrole/parent-child" xlink:from="loc_dei_DocumentInformationLineItems_c07f6fee-e8b9-4aac-ad42-3e49920d0729" xlink:to="loc_dei_EntityFileNumber_1a2e81b8-a2e4-4abc-99bc-6836d4c2a36c" xlink:type="arc" preferredLabel="http://www.xbrl.org/2003/role/terseLabel"/>
    <link:loc xlink:type="locator" xlink:label="loc_dei_EntityTaxIdentificationNumber_0a426c78-3520-4b47-908d-c1f42e2dc6ed" xlink:href="https://xbrl.sec.gov/dei/2024/dei-2024.xsd#dei_EntityTaxIdentificationNumber"/>
    <link:presentationArc order="6" xlink:arcrole="http://www.xbrl.org/2003/arcrole/parent-child" xlink:from="loc_dei_DocumentInformationLineItems_c07f6fee-e8b9-4aac-ad42-3e49920d0729" xlink:to="loc_dei_EntityTaxIdentificationNumber_0a426c78-3520-4b47-908d-c1f42e2dc6ed" xlink:type="arc" preferredLabel="http://www.xbrl.org/2003/role/terseLabel"/>
    <link:loc xlink:type="locator" xlink:label="loc_dei_EntityAddressAddressLine1_d9acf02f-04c2-4efa-8b53-e76ce18bcc17" xlink:href="https://xbrl.sec.gov/dei/2024/dei-2024.xsd#dei_EntityAddressAddressLine1"/>
    <link:presentationArc order="7" xlink:arcrole="http://www.xbrl.org/2003/arcrole/parent-child" xlink:from="loc_dei_DocumentInformationLineItems_c07f6fee-e8b9-4aac-ad42-3e49920d0729" xlink:to="loc_dei_EntityAddressAddressLine1_d9acf02f-04c2-4efa-8b53-e76ce18bcc17" xlink:type="arc" preferredLabel="http://www.xbrl.org/2003/role/terseLabel"/>
    <link:loc xlink:type="locator" xlink:label="loc_dei_EntityAddressCityOrTown_90870baf-8f0d-40e7-a5b1-d10ad172176c" xlink:href="https://xbrl.sec.gov/dei/2024/dei-2024.xsd#dei_EntityAddressCityOrTown"/>
    <link:presentationArc order="8" xlink:arcrole="http://www.xbrl.org/2003/arcrole/parent-child" xlink:from="loc_dei_DocumentInformationLineItems_c07f6fee-e8b9-4aac-ad42-3e49920d0729" xlink:to="loc_dei_EntityAddressCityOrTown_90870baf-8f0d-40e7-a5b1-d10ad172176c" xlink:type="arc" preferredLabel="http://www.xbrl.org/2003/role/terseLabel"/>
    <link:loc xlink:type="locator" xlink:label="loc_dei_EntityAddressStateOrProvince_161473e8-3c85-4b35-8694-e3dba4e12242" xlink:href="https://xbrl.sec.gov/dei/2024/dei-2024.xsd#dei_EntityAddressStateOrProvince"/>
    <link:presentationArc order="9" xlink:arcrole="http://www.xbrl.org/2003/arcrole/parent-child" xlink:from="loc_dei_DocumentInformationLineItems_c07f6fee-e8b9-4aac-ad42-3e49920d0729" xlink:to="loc_dei_EntityAddressStateOrProvince_161473e8-3c85-4b35-8694-e3dba4e12242" xlink:type="arc" preferredLabel="http://www.xbrl.org/2003/role/terseLabel"/>
    <link:loc xlink:type="locator" xlink:label="loc_dei_EntityAddressPostalZipCode_3e9e20b2-5e26-4c25-982a-94afc9008c01" xlink:href="https://xbrl.sec.gov/dei/2024/dei-2024.xsd#dei_EntityAddressPostalZipCode"/>
    <link:presentationArc order="10" xlink:arcrole="http://www.xbrl.org/2003/arcrole/parent-child" xlink:from="loc_dei_DocumentInformationLineItems_c07f6fee-e8b9-4aac-ad42-3e49920d0729" xlink:to="loc_dei_EntityAddressPostalZipCode_3e9e20b2-5e26-4c25-982a-94afc9008c01" xlink:type="arc" preferredLabel="http://www.xbrl.org/2003/role/terseLabel"/>
    <link:loc xlink:type="locator" xlink:label="loc_dei_CityAreaCode_2f8a0a9d-a57d-4c61-b0ee-1fd191b41048" xlink:href="https://xbrl.sec.gov/dei/2024/dei-2024.xsd#dei_CityAreaCode"/>
    <link:presentationArc order="11" xlink:arcrole="http://www.xbrl.org/2003/arcrole/parent-child" xlink:from="loc_dei_DocumentInformationLineItems_c07f6fee-e8b9-4aac-ad42-3e49920d0729" xlink:to="loc_dei_CityAreaCode_2f8a0a9d-a57d-4c61-b0ee-1fd191b41048" xlink:type="arc" preferredLabel="http://www.xbrl.org/2003/role/terseLabel"/>
    <link:loc xlink:type="locator" xlink:label="loc_dei_LocalPhoneNumber_6ac6acd0-fa4a-4d37-ae70-494e4ad713e2" xlink:href="https://xbrl.sec.gov/dei/2024/dei-2024.xsd#dei_LocalPhoneNumber"/>
    <link:presentationArc order="12" xlink:arcrole="http://www.xbrl.org/2003/arcrole/parent-child" xlink:from="loc_dei_DocumentInformationLineItems_c07f6fee-e8b9-4aac-ad42-3e49920d0729" xlink:to="loc_dei_LocalPhoneNumber_6ac6acd0-fa4a-4d37-ae70-494e4ad713e2" xlink:type="arc" preferredLabel="http://www.xbrl.org/2003/role/terseLabel"/>
    <link:loc xlink:type="locator" xlink:label="loc_dei_WrittenCommunications_dfdbaa0c-ebab-49ad-84b4-5080adcf1857" xlink:href="https://xbrl.sec.gov/dei/2024/dei-2024.xsd#dei_WrittenCommunications"/>
    <link:presentationArc order="13" xlink:arcrole="http://www.xbrl.org/2003/arcrole/parent-child" xlink:from="loc_dei_DocumentInformationLineItems_c07f6fee-e8b9-4aac-ad42-3e49920d0729" xlink:to="loc_dei_WrittenCommunications_dfdbaa0c-ebab-49ad-84b4-5080adcf1857" xlink:type="arc" preferredLabel="http://www.xbrl.org/2003/role/terseLabel"/>
    <link:loc xlink:type="locator" xlink:label="loc_dei_SolicitingMaterial_5a65fe83-c06e-49f4-b334-3b81924c1aee" xlink:href="https://xbrl.sec.gov/dei/2024/dei-2024.xsd#dei_SolicitingMaterial"/>
    <link:presentationArc order="14" xlink:arcrole="http://www.xbrl.org/2003/arcrole/parent-child" xlink:from="loc_dei_DocumentInformationLineItems_c07f6fee-e8b9-4aac-ad42-3e49920d0729" xlink:to="loc_dei_SolicitingMaterial_5a65fe83-c06e-49f4-b334-3b81924c1aee" xlink:type="arc" preferredLabel="http://www.xbrl.org/2003/role/terseLabel"/>
    <link:loc xlink:type="locator" xlink:label="loc_dei_PreCommencementTenderOffer_0e20309f-ba1f-4602-aea2-ec41ca9968c4" xlink:href="https://xbrl.sec.gov/dei/2024/dei-2024.xsd#dei_PreCommencementTenderOffer"/>
    <link:presentationArc order="15" xlink:arcrole="http://www.xbrl.org/2003/arcrole/parent-child" xlink:from="loc_dei_DocumentInformationLineItems_c07f6fee-e8b9-4aac-ad42-3e49920d0729" xlink:to="loc_dei_PreCommencementTenderOffer_0e20309f-ba1f-4602-aea2-ec41ca9968c4" xlink:type="arc" preferredLabel="http://www.xbrl.org/2003/role/terseLabel"/>
    <link:loc xlink:type="locator" xlink:label="loc_dei_PreCommencementIssuerTenderOffer_afe49405-4d6c-4e0c-885d-7df7e1cb422e" xlink:href="https://xbrl.sec.gov/dei/2024/dei-2024.xsd#dei_PreCommencementIssuerTenderOffer"/>
    <link:presentationArc order="16" xlink:arcrole="http://www.xbrl.org/2003/arcrole/parent-child" xlink:from="loc_dei_DocumentInformationLineItems_c07f6fee-e8b9-4aac-ad42-3e49920d0729" xlink:to="loc_dei_PreCommencementIssuerTenderOffer_afe49405-4d6c-4e0c-885d-7df7e1cb422e" xlink:type="arc" preferredLabel="http://www.xbrl.org/2003/role/terseLabel"/>
    <link:loc xlink:type="locator" xlink:label="loc_dei_Security12bTitle_e66af1d9-30cc-4ef5-a772-a0e39105fc2f" xlink:href="https://xbrl.sec.gov/dei/2024/dei-2024.xsd#dei_Security12bTitle"/>
    <link:presentationArc order="17" xlink:arcrole="http://www.xbrl.org/2003/arcrole/parent-child" xlink:from="loc_dei_DocumentInformationLineItems_c07f6fee-e8b9-4aac-ad42-3e49920d0729" xlink:to="loc_dei_Security12bTitle_e66af1d9-30cc-4ef5-a772-a0e39105fc2f" xlink:type="arc" preferredLabel="http://www.xbrl.org/2003/role/terseLabel"/>
    <link:loc xlink:type="locator" xlink:label="loc_dei_TradingSymbol_46262fd6-c7a3-4b6a-b1bb-5121b24bb394" xlink:href="https://xbrl.sec.gov/dei/2024/dei-2024.xsd#dei_TradingSymbol"/>
    <link:presentationArc order="18" xlink:arcrole="http://www.xbrl.org/2003/arcrole/parent-child" xlink:from="loc_dei_DocumentInformationLineItems_c07f6fee-e8b9-4aac-ad42-3e49920d0729" xlink:to="loc_dei_TradingSymbol_46262fd6-c7a3-4b6a-b1bb-5121b24bb394" xlink:type="arc" preferredLabel="http://www.xbrl.org/2003/role/terseLabel"/>
    <link:loc xlink:type="locator" xlink:label="loc_dei_SecurityExchangeName_8460bec0-14a6-428a-819a-c654cb44244d" xlink:href="https://xbrl.sec.gov/dei/2024/dei-2024.xsd#dei_SecurityExchangeName"/>
    <link:presentationArc order="19" xlink:arcrole="http://www.xbrl.org/2003/arcrole/parent-child" xlink:from="loc_dei_DocumentInformationLineItems_c07f6fee-e8b9-4aac-ad42-3e49920d0729" xlink:to="loc_dei_SecurityExchangeName_8460bec0-14a6-428a-819a-c654cb44244d" xlink:type="arc" preferredLabel="http://www.xbrl.org/2003/role/terseLabel"/>
    <link:loc xlink:type="locator" xlink:label="loc_dei_EntityEmergingGrowthCompany_4577b822-f791-4a34-8c02-94b74efaf471" xlink:href="https://xbrl.sec.gov/dei/2024/dei-2024.xsd#dei_EntityEmergingGrowthCompany"/>
    <link:presentationArc order="20" xlink:arcrole="http://www.xbrl.org/2003/arcrole/parent-child" xlink:from="loc_dei_DocumentInformationLineItems_c07f6fee-e8b9-4aac-ad42-3e49920d0729" xlink:to="loc_dei_EntityEmergingGrowthCompany_4577b822-f791-4a34-8c02-94b74efaf471" xlink:type="arc" preferredLabel="http://www.xbrl.org/2003/role/terseLabel"/>
    <link:loc xlink:type="locator" xlink:label="loc_dei_EntityCentralIndexKey_e51056c7-00f8-480f-9e39-f5ca816b7b61" xlink:href="https://xbrl.sec.gov/dei/2024/dei-2024.xsd#dei_EntityCentralIndexKey"/>
    <link:presentationArc order="21" xlink:arcrole="http://www.xbrl.org/2003/arcrole/parent-child" xlink:from="loc_dei_DocumentInformationLineItems_c07f6fee-e8b9-4aac-ad42-3e49920d0729" xlink:to="loc_dei_EntityCentralIndexKey_e51056c7-00f8-480f-9e39-f5ca816b7b61" xlink:type="arc" preferredLabel="http://www.xbrl.org/2003/role/terseLabel"/>
    <link:loc xlink:type="locator" xlink:label="loc_dei_AmendmentFlag_7315de71-ad94-4dbd-8cac-c020b54f5425" xlink:href="https://xbrl.sec.gov/dei/2024/dei-2024.xsd#dei_AmendmentFlag"/>
    <link:presentationArc order="22" xlink:arcrole="http://www.xbrl.org/2003/arcrole/parent-child" xlink:from="loc_dei_DocumentInformationLineItems_c07f6fee-e8b9-4aac-ad42-3e49920d0729" xlink:to="loc_dei_AmendmentFlag_7315de71-ad94-4dbd-8cac-c020b54f5425" xlink:type="arc" preferredLabel="http://www.xbrl.org/2003/role/terseLabel"/>
  </link:presentationLink>
</link:linkbase>
