<?xml version="1.0" encoding="UTF-8"?>

<!--XBRL Document Created with the Workiva Platform-->
<!--Copyright 2025 Workiva-->
<!--r:74c6b80b-342e-4a16-993e-9f58e4e46f15,g:276611f9-1cb5-4eb8-ae3e-8bb2136c02c3-->
<link:linkbase xmlns:link="http://www.xbrl.org/2003/linkbase" xmlns:xlink="http://www.w3.org/1999/xlink" xmlns:xsi="http://www.w3.org/2001/XMLSchema-instance" xsi:schemaLocation="http://www.xbrl.org/2003/linkbase http://www.xbrl.org/2003/xbrl-linkbase-2003-12-31.xsd">
  <link:roleRef roleURI="http://www.xbrl.org/2009/role/negatedPeriodStartLabel" xlink:type="simple" xlink:href="http://www.xbrl.org/lrr/role/negated-2009-12-16.xsd#negatedPeriodStartLabel"/>
  <link:roleRef roleURI="http://www.xbrl.org/2009/role/netLabel" xlink:type="simple" xlink:href="http://www.xbrl.org/lrr/role/net-2009-12-16.xsd#netLabel"/>
  <link:roleRef roleURI="http://www.xbrl.org/2009/role/negatedNetLabel" xlink:type="simple" xlink:href="http://www.xbrl.org/lrr/role/negated-2009-12-16.xsd#negatedNetLabel"/>
  <link:roleRef roleURI="http://www.xbrl.org/2009/role/negatedTerseLabel" xlink:type="simple" xlink:href="http://www.xbrl.org/lrr/role/negated-2009-12-16.xsd#negatedTerseLabel"/>
  <link:roleRef roleURI="http://www.xbrl.org/2009/role/negatedPeriodEndLabel" xlink:type="simple" xlink:href="http://www.xbrl.org/lrr/role/negated-2009-12-16.xsd#negatedPeriodEndLabel"/>
  <link:roleRef roleURI="http://www.xbrl.org/2009/role/negatedLabel" xlink:type="simple" xlink:href="http://www.xbrl.org/lrr/role/negated-2009-12-16.xsd#negatedLabel"/>
  <link:roleRef roleURI="http://www.xbrl.org/2009/role/negatedTotalLabel" xlink:type="simple" xlink:href="http://www.xbrl.org/lrr/role/negated-2009-12-16.xsd#negatedTotalLabel"/>
  <link:labelLink xlink:role="http://www.xbrl.org/2003/role/link" xlink:type="extended">
    <link:label id="lab_us-gaap_ClassOfStockDomain_57a2020f-6b12-4f22-a731-dac282fdcd0c_terseLabel_en-US" xlink:label="lab_us-gaap_ClassOfStockDomain" xlink:role="http://www.xbrl.org/2003/role/terseLabel" xlink:type="resource" xml:lang="en-US">Class of Stock [Domain]</link:label>
    <link:label id="lab_us-gaap_ClassOfStockDomain_label_en-US" xlink:label="lab_us-gaap_ClassOfStockDomain" xlink:role="http://www.xbrl.org/2003/role/label" xlink:type="resource" xml:lang="en-US">Class of Stock [Domain]</link:label>
    <link:loc xlink:type="locator" xlink:label="loc_us-gaap_ClassOfStockDomain" xlink:href="https://xbrl.fasb.org/us-gaap/2024/elts/us-gaap-2024.xsd#us-gaap_ClassOfStockDomain"/>
    <link:labelArc xlink:arcrole="http://www.xbrl.org/2003/arcrole/concept-label" xlink:from="loc_us-gaap_ClassOfStockDomain" xlink:to="lab_us-gaap_ClassOfStockDomain" xlink:type="arc" order="1"/>
    <link:label id="lab_dei_EntityIncorporationStateCountryCode_f92a371e-e1e1-4bce-a212-b8356c1f980e_terseLabel_en-US" xlink:label="lab_dei_EntityIncorporationStateCountryCode" xlink:role="http://www.xbrl.org/2003/role/terseLabel" xlink:type="resource" xml:lang="en-US">Entity Incorporation, State or Country Code</link:label>
    <link:label id="lab_dei_EntityIncorporationStateCountryCode_label_en-US" xlink:label="lab_dei_EntityIncorporationStateCountryCode" xlink:role="http://www.xbrl.org/2003/role/label" xlink:type="resource" xml:lang="en-US">Entity Incorporation, State or Country Code</link:label>
    <link:loc xlink:type="locator" xlink:label="loc_dei_EntityIncorporationStateCountryCode" xlink:href="https://xbrl.sec.gov/dei/2024/dei-2024.xsd#dei_EntityIncorporationStateCountryCode"/>
    <link:labelArc xlink:arcrole="http://www.xbrl.org/2003/arcrole/concept-label" xlink:from="loc_dei_EntityIncorporationStateCountryCode" xlink:to="lab_dei_EntityIncorporationStateCountryCode" xlink:type="arc" order="1"/>
    <link:label id="lab_us-gaap_StatementClassOfStockAxis_e82eda87-3c66-4ab7-8ff0-611ff0d7673b_terseLabel_en-US" xlink:label="lab_us-gaap_StatementClassOfStockAxis" xlink:role="http://www.xbrl.org/2003/role/terseLabel" xlink:type="resource" xml:lang="en-US">Class of Stock [Axis]</link:label>
    <link:label id="lab_us-gaap_StatementClassOfStockAxis_label_en-US" xlink:label="lab_us-gaap_StatementClassOfStockAxis" xlink:role="http://www.xbrl.org/2003/role/label" xlink:type="resource" xml:lang="en-US">Class of Stock [Axis]</link:label>
    <link:loc xlink:type="locator" xlink:label="loc_us-gaap_StatementClassOfStockAxis" xlink:href="https://xbrl.fasb.org/us-gaap/2024/elts/us-gaap-2024.xsd#us-gaap_StatementClassOfStockAxis"/>
    <link:labelArc xlink:arcrole="http://www.xbrl.org/2003/arcrole/concept-label" xlink:from="loc_us-gaap_StatementClassOfStockAxis" xlink:to="lab_us-gaap_StatementClassOfStockAxis" xlink:type="arc" order="1"/>
    <link:label id="lab_dei_SecurityExchangeName_9c0f0186-d9a4-45af-bed6-f215a852fc48_terseLabel_en-US" xlink:label="lab_dei_SecurityExchangeName" xlink:role="http://www.xbrl.org/2003/role/terseLabel" xlink:type="resource" xml:lang="en-US">Security Exchange Name</link:label>
    <link:label id="lab_dei_SecurityExchangeName_label_en-US" xlink:label="lab_dei_SecurityExchangeName" xlink:role="http://www.xbrl.org/2003/role/label" xlink:type="resource" xml:lang="en-US">Security Exchange Name</link:label>
    <link:loc xlink:type="locator" xlink:label="loc_dei_SecurityExchangeName" xlink:href="https://xbrl.sec.gov/dei/2024/dei-2024.xsd#dei_SecurityExchangeName"/>
    <link:labelArc xlink:arcrole="http://www.xbrl.org/2003/arcrole/concept-label" xlink:from="loc_dei_SecurityExchangeName" xlink:to="lab_dei_SecurityExchangeName" xlink:type="arc" order="1"/>
    <link:label id="lab_dei_EntityAddressCityOrTown_183eab86-214b-49f5-b293-5aa2a2a5a629_terseLabel_en-US" xlink:label="lab_dei_EntityAddressCityOrTown" xlink:role="http://www.xbrl.org/2003/role/terseLabel" xlink:type="resource" xml:lang="en-US">Entity Address, City or Town</link:label>
    <link:label id="lab_dei_EntityAddressCityOrTown_label_en-US" xlink:label="lab_dei_EntityAddressCityOrTown" xlink:role="http://www.xbrl.org/2003/role/label" xlink:type="resource" xml:lang="en-US">Entity Address, City or Town</link:label>
    <link:loc xlink:type="locator" xlink:label="loc_dei_EntityAddressCityOrTown" xlink:href="https://xbrl.sec.gov/dei/2024/dei-2024.xsd#dei_EntityAddressCityOrTown"/>
    <link:labelArc xlink:arcrole="http://www.xbrl.org/2003/arcrole/concept-label" xlink:from="loc_dei_EntityAddressCityOrTown" xlink:to="lab_dei_EntityAddressCityOrTown" xlink:type="arc" order="1"/>
    <link:label id="lab_dei_SolicitingMaterial_e0fe88c7-7302-4d1a-8d00-56b29d792ffe_terseLabel_en-US" xlink:label="lab_dei_SolicitingMaterial" xlink:role="http://www.xbrl.org/2003/role/terseLabel" xlink:type="resource" xml:lang="en-US">Soliciting Material</link:label>
    <link:label id="lab_dei_SolicitingMaterial_label_en-US" xlink:label="lab_dei_SolicitingMaterial" xlink:role="http://www.xbrl.org/2003/role/label" xlink:type="resource" xml:lang="en-US">Soliciting Material</link:label>
    <link:loc xlink:type="locator" xlink:label="loc_dei_SolicitingMaterial" xlink:href="https://xbrl.sec.gov/dei/2024/dei-2024.xsd#dei_SolicitingMaterial"/>
    <link:labelArc xlink:arcrole="http://www.xbrl.org/2003/arcrole/concept-label" xlink:from="loc_dei_SolicitingMaterial" xlink:to="lab_dei_SolicitingMaterial" xlink:type="arc" order="1"/>
    <link:label id="lab_dei_CoverAbstract_be81c43f-ce9c-4ccb-9617-cc4d0123891c_terseLabel_en-US" xlink:label="lab_dei_CoverAbstract" xlink:role="http://www.xbrl.org/2003/role/terseLabel" xlink:type="resource" xml:lang="en-US">Cover [Abstract]</link:label>
    <link:label id="lab_dei_CoverAbstract_label_en-US" xlink:label="lab_dei_CoverAbstract" xlink:role="http://www.xbrl.org/2003/role/label" xlink:type="resource" xml:lang="en-US">Cover [Abstract]</link:label>
    <link:loc xlink:type="locator" xlink:label="loc_dei_CoverAbstract" xlink:href="https://xbrl.sec.gov/dei/2024/dei-2024.xsd#dei_CoverAbstract"/>
    <link:labelArc xlink:arcrole="http://www.xbrl.org/2003/arcrole/concept-label" xlink:from="loc_dei_CoverAbstract" xlink:to="lab_dei_CoverAbstract" xlink:type="arc" order="1"/>
    <link:label id="lab_dei_CityAreaCode_c7d379a5-5431-441d-8d83-4a00744de9ef_terseLabel_en-US" xlink:label="lab_dei_CityAreaCode" xlink:role="http://www.xbrl.org/2003/role/terseLabel" xlink:type="resource" xml:lang="en-US">City Area Code</link:label>
    <link:label id="lab_dei_CityAreaCode_label_en-US" xlink:label="lab_dei_CityAreaCode" xlink:role="http://www.xbrl.org/2003/role/label" xlink:type="resource" xml:lang="en-US">City Area Code</link:label>
    <link:loc xlink:type="locator" xlink:label="loc_dei_CityAreaCode" xlink:href="https://xbrl.sec.gov/dei/2024/dei-2024.xsd#dei_CityAreaCode"/>
    <link:labelArc xlink:arcrole="http://www.xbrl.org/2003/arcrole/concept-label" xlink:from="loc_dei_CityAreaCode" xlink:to="lab_dei_CityAreaCode" xlink:type="arc" order="1"/>
    <link:label id="lab_us-gaap_CommonStockMember_e517408a-19ce-4804-b72e-c4b932b30ae4_terseLabel_en-US" xlink:label="lab_us-gaap_CommonStockMember" xlink:role="http://www.xbrl.org/2003/role/terseLabel" xlink:type="resource" xml:lang="en-US">Common Stock, $.01 par value</link:label>
    <link:label id="lab_us-gaap_CommonStockMember_label_en-US" xlink:label="lab_us-gaap_CommonStockMember" xlink:role="http://www.xbrl.org/2003/role/label" xlink:type="resource" xml:lang="en-US">Common Stock [Member]</link:label>
    <link:loc xlink:type="locator" xlink:label="loc_us-gaap_CommonStockMember" xlink:href="https://xbrl.fasb.org/us-gaap/2024/elts/us-gaap-2024.xsd#us-gaap_CommonStockMember"/>
    <link:labelArc xlink:arcrole="http://www.xbrl.org/2003/arcrole/concept-label" xlink:from="loc_us-gaap_CommonStockMember" xlink:to="lab_us-gaap_CommonStockMember" xlink:type="arc" order="1"/>
    <link:label id="lab_dei_AmendmentFlag_3ab881f5-9fd4-4edc-8f1f-70116816508a_terseLabel_en-US" xlink:label="lab_dei_AmendmentFlag" xlink:role="http://www.xbrl.org/2003/role/terseLabel" xlink:type="resource" xml:lang="en-US">Amendment Flag</link:label>
    <link:label id="lab_dei_AmendmentFlag_label_en-US" xlink:label="lab_dei_AmendmentFlag" xlink:role="http://www.xbrl.org/2003/role/label" xlink:type="resource" xml:lang="en-US">Amendment Flag</link:label>
    <link:loc xlink:type="locator" xlink:label="loc_dei_AmendmentFlag" xlink:href="https://xbrl.sec.gov/dei/2024/dei-2024.xsd#dei_AmendmentFlag"/>
    <link:labelArc xlink:arcrole="http://www.xbrl.org/2003/arcrole/concept-label" xlink:from="loc_dei_AmendmentFlag" xlink:to="lab_dei_AmendmentFlag" xlink:type="arc" order="1"/>
    <link:label id="lab_dei_EntityTaxIdentificationNumber_bfef80e0-fe10-45c1-a437-0d560cb7ec69_terseLabel_en-US" xlink:label="lab_dei_EntityTaxIdentificationNumber" xlink:role="http://www.xbrl.org/2003/role/terseLabel" xlink:type="resource" xml:lang="en-US">Entity Tax Identification Number</link:label>
    <link:label id="lab_dei_EntityTaxIdentificationNumber_label_en-US" xlink:label="lab_dei_EntityTaxIdentificationNumber" xlink:role="http://www.xbrl.org/2003/role/label" xlink:type="resource" xml:lang="en-US">Entity Tax Identification Number</link:label>
    <link:loc xlink:type="locator" xlink:label="loc_dei_EntityTaxIdentificationNumber" xlink:href="https://xbrl.sec.gov/dei/2024/dei-2024.xsd#dei_EntityTaxIdentificationNumber"/>
    <link:labelArc xlink:arcrole="http://www.xbrl.org/2003/arcrole/concept-label" xlink:from="loc_dei_EntityTaxIdentificationNumber" xlink:to="lab_dei_EntityTaxIdentificationNumber" xlink:type="arc" order="1"/>
    <link:label id="lab_dei_TradingSymbol_9e47c942-2d53-4b5f-b3de-ad555198f655_terseLabel_en-US" xlink:label="lab_dei_TradingSymbol" xlink:role="http://www.xbrl.org/2003/role/terseLabel" xlink:type="resource" xml:lang="en-US">Trading Symbol</link:label>
    <link:label id="lab_dei_TradingSymbol_label_en-US" xlink:label="lab_dei_TradingSymbol" xlink:role="http://www.xbrl.org/2003/role/label" xlink:type="resource" xml:lang="en-US">Trading Symbol</link:label>
    <link:loc xlink:type="locator" xlink:label="loc_dei_TradingSymbol" xlink:href="https://xbrl.sec.gov/dei/2024/dei-2024.xsd#dei_TradingSymbol"/>
    <link:labelArc xlink:arcrole="http://www.xbrl.org/2003/arcrole/concept-label" xlink:from="loc_dei_TradingSymbol" xlink:to="lab_dei_TradingSymbol" xlink:type="arc" order="1"/>
    <link:label id="lab_dei_EntityRegistrantName_e87de381-be6c-4cb9-96b8-b5a4c2a38ea1_terseLabel_en-US" xlink:label="lab_dei_EntityRegistrantName" xlink:role="http://www.xbrl.org/2003/role/terseLabel" xlink:type="resource" xml:lang="en-US">Entity Registrant Name</link:label>
    <link:label id="lab_dei_EntityRegistrantName_label_en-US" xlink:label="lab_dei_EntityRegistrantName" xlink:role="http://www.xbrl.org/2003/role/label" xlink:type="resource" xml:lang="en-US">Entity Registrant Name</link:label>
    <link:loc xlink:type="locator" xlink:label="loc_dei_EntityRegistrantName" xlink:href="https://xbrl.sec.gov/dei/2024/dei-2024.xsd#dei_EntityRegistrantName"/>
    <link:labelArc xlink:arcrole="http://www.xbrl.org/2003/arcrole/concept-label" xlink:from="loc_dei_EntityRegistrantName" xlink:to="lab_dei_EntityRegistrantName" xlink:type="arc" order="1"/>
    <link:label id="lab_dei_PreCommencementTenderOffer_71e03d3c-5ee1-4709-b787-44684c854b79_terseLabel_en-US" xlink:label="lab_dei_PreCommencementTenderOffer" xlink:role="http://www.xbrl.org/2003/role/terseLabel" xlink:type="resource" xml:lang="en-US">Pre-commencement Tender Offer</link:label>
    <link:label id="lab_dei_PreCommencementTenderOffer_label_en-US" xlink:label="lab_dei_PreCommencementTenderOffer" xlink:role="http://www.xbrl.org/2003/role/label" xlink:type="resource" xml:lang="en-US">Pre-commencement Tender Offer</link:label>
    <link:loc xlink:type="locator" xlink:label="loc_dei_PreCommencementTenderOffer" xlink:href="https://xbrl.sec.gov/dei/2024/dei-2024.xsd#dei_PreCommencementTenderOffer"/>
    <link:labelArc xlink:arcrole="http://www.xbrl.org/2003/arcrole/concept-label" xlink:from="loc_dei_PreCommencementTenderOffer" xlink:to="lab_dei_PreCommencementTenderOffer" xlink:type="arc" order="1"/>
    <link:label id="lab_dei_EntityEmergingGrowthCompany_7c31622b-944a-4c6c-b9a4-3c53b013e7ba_terseLabel_en-US" xlink:label="lab_dei_EntityEmergingGrowthCompany" xlink:role="http://www.xbrl.org/2003/role/terseLabel" xlink:type="resource" xml:lang="en-US">Entity Emerging Growth Company</link:label>
    <link:label id="lab_dei_EntityEmergingGrowthCompany_label_en-US" xlink:label="lab_dei_EntityEmergingGrowthCompany" xlink:role="http://www.xbrl.org/2003/role/label" xlink:type="resource" xml:lang="en-US">Entity Emerging Growth Company</link:label>
    <link:loc xlink:type="locator" xlink:label="loc_dei_EntityEmergingGrowthCompany" xlink:href="https://xbrl.sec.gov/dei/2024/dei-2024.xsd#dei_EntityEmergingGrowthCompany"/>
    <link:labelArc xlink:arcrole="http://www.xbrl.org/2003/arcrole/concept-label" xlink:from="loc_dei_EntityEmergingGrowthCompany" xlink:to="lab_dei_EntityEmergingGrowthCompany" xlink:type="arc" order="1"/>
    <link:label id="lab_dei_EntityCentralIndexKey_2b31c157-5efc-456e-b1cb-387eac2b27bb_terseLabel_en-US" xlink:label="lab_dei_EntityCentralIndexKey" xlink:role="http://www.xbrl.org/2003/role/terseLabel" xlink:type="resource" xml:lang="en-US">Entity Central Index Key</link:label>
    <link:label id="lab_dei_EntityCentralIndexKey_label_en-US" xlink:label="lab_dei_EntityCentralIndexKey" xlink:role="http://www.xbrl.org/2003/role/label" xlink:type="resource" xml:lang="en-US">Entity Central Index Key</link:label>
    <link:loc xlink:type="locator" xlink:label="loc_dei_EntityCentralIndexKey" xlink:href="https://xbrl.sec.gov/dei/2024/dei-2024.xsd#dei_EntityCentralIndexKey"/>
    <link:labelArc xlink:arcrole="http://www.xbrl.org/2003/arcrole/concept-label" xlink:from="loc_dei_EntityCentralIndexKey" xlink:to="lab_dei_EntityCentralIndexKey" xlink:type="arc" order="1"/>
    <link:label id="lab_rjf_DepositarySharesSeriesBMember_ac238f61-60b1-4e22-8fe5-77a048aa92e3_terseLabel_en-US" xlink:label="lab_rjf_DepositarySharesSeriesBMember" xlink:role="http://www.xbrl.org/2003/role/terseLabel" xlink:type="resource" xml:lang="en-US">Depositary Shares, Each Representing a 1/40th Interest in a Share of 6.375% Fixed-to-Floating Rate Series B Non-Cumulative Perpetual Preferred Stock</link:label>
    <link:label id="lab_rjf_DepositarySharesSeriesBMember_label_en-US" xlink:label="lab_rjf_DepositarySharesSeriesBMember" xlink:role="http://www.xbrl.org/2003/role/label" xlink:type="resource" xml:lang="en-US">Depositary Shares, Series B [Member]</link:label>
    <link:label id="lab_rjf_DepositarySharesSeriesBMember_documentation_en-US" xlink:label="lab_rjf_DepositarySharesSeriesBMember" xlink:role="http://www.xbrl.org/2003/role/documentation" xlink:type="resource" xml:lang="en-US">Depositary Shares, Series B</link:label>
    <link:loc xlink:type="locator" xlink:label="loc_rjf_DepositarySharesSeriesBMember" xlink:href="rjf-20250423.xsd#rjf_DepositarySharesSeriesBMember"/>
    <link:labelArc xlink:arcrole="http://www.xbrl.org/2003/arcrole/concept-label" xlink:from="loc_rjf_DepositarySharesSeriesBMember" xlink:to="lab_rjf_DepositarySharesSeriesBMember" xlink:type="arc" order="1"/>
    <link:label id="lab_dei_EntityFileNumber_cfea719e-d186-442c-93cf-7cff8727d244_terseLabel_en-US" xlink:label="lab_dei_EntityFileNumber" xlink:role="http://www.xbrl.org/2003/role/terseLabel" xlink:type="resource" xml:lang="en-US">Entity File Number</link:label>
    <link:label id="lab_dei_EntityFileNumber_label_en-US" xlink:label="lab_dei_EntityFileNumber" xlink:role="http://www.xbrl.org/2003/role/label" xlink:type="resource" xml:lang="en-US">Entity File Number</link:label>
    <link:loc xlink:type="locator" xlink:label="loc_dei_EntityFileNumber" xlink:href="https://xbrl.sec.gov/dei/2024/dei-2024.xsd#dei_EntityFileNumber"/>
    <link:labelArc xlink:arcrole="http://www.xbrl.org/2003/arcrole/concept-label" xlink:from="loc_dei_EntityFileNumber" xlink:to="lab_dei_EntityFileNumber" xlink:type="arc" order="1"/>
    <link:label id="lab_dei_EntityAddressStateOrProvince_a401602a-d77b-4519-965c-1de90af443db_terseLabel_en-US" xlink:label="lab_dei_EntityAddressStateOrProvince" xlink:role="http://www.xbrl.org/2003/role/terseLabel" xlink:type="resource" xml:lang="en-US">Entity Address, State or Province</link:label>
    <link:label id="lab_dei_EntityAddressStateOrProvince_label_en-US" xlink:label="lab_dei_EntityAddressStateOrProvince" xlink:role="http://www.xbrl.org/2003/role/label" xlink:type="resource" xml:lang="en-US">Entity Address, State or Province</link:label>
    <link:loc xlink:type="locator" xlink:label="loc_dei_EntityAddressStateOrProvince" xlink:href="https://xbrl.sec.gov/dei/2024/dei-2024.xsd#dei_EntityAddressStateOrProvince"/>
    <link:labelArc xlink:arcrole="http://www.xbrl.org/2003/arcrole/concept-label" xlink:from="loc_dei_EntityAddressStateOrProvince" xlink:to="lab_dei_EntityAddressStateOrProvince" xlink:type="arc" order="1"/>
    <link:label id="lab_dei_PreCommencementIssuerTenderOffer_ad1d306b-4394-4706-810b-95cfb9495e6d_terseLabel_en-US" xlink:label="lab_dei_PreCommencementIssuerTenderOffer" xlink:role="http://www.xbrl.org/2003/role/terseLabel" xlink:type="resource" xml:lang="en-US">Pre-commencement Issuer Tender Offer</link:label>
    <link:label id="lab_dei_PreCommencementIssuerTenderOffer_label_en-US" xlink:label="lab_dei_PreCommencementIssuerTenderOffer" xlink:role="http://www.xbrl.org/2003/role/label" xlink:type="resource" xml:lang="en-US">Pre-commencement Issuer Tender Offer</link:label>
    <link:loc xlink:type="locator" xlink:label="loc_dei_PreCommencementIssuerTenderOffer" xlink:href="https://xbrl.sec.gov/dei/2024/dei-2024.xsd#dei_PreCommencementIssuerTenderOffer"/>
    <link:labelArc xlink:arcrole="http://www.xbrl.org/2003/arcrole/concept-label" xlink:from="loc_dei_PreCommencementIssuerTenderOffer" xlink:to="lab_dei_PreCommencementIssuerTenderOffer" xlink:type="arc" order="1"/>
    <link:label id="lab_dei_EntityAddressAddressLine1_8eb3e2ab-6437-4405-92e7-560132b1550c_terseLabel_en-US" xlink:label="lab_dei_EntityAddressAddressLine1" xlink:role="http://www.xbrl.org/2003/role/terseLabel" xlink:type="resource" xml:lang="en-US">Entity Address, Address Line One</link:label>
    <link:label id="lab_dei_EntityAddressAddressLine1_label_en-US" xlink:label="lab_dei_EntityAddressAddressLine1" xlink:role="http://www.xbrl.org/2003/role/label" xlink:type="resource" xml:lang="en-US">Entity Address, Address Line One</link:label>
    <link:loc xlink:type="locator" xlink:label="loc_dei_EntityAddressAddressLine1" xlink:href="https://xbrl.sec.gov/dei/2024/dei-2024.xsd#dei_EntityAddressAddressLine1"/>
    <link:labelArc xlink:arcrole="http://www.xbrl.org/2003/arcrole/concept-label" xlink:from="loc_dei_EntityAddressAddressLine1" xlink:to="lab_dei_EntityAddressAddressLine1" xlink:type="arc" order="1"/>
    <link:label id="lab_dei_DocumentInformationLineItems_7e1119e5-1edf-4f59-a156-e019356a11f8_terseLabel_en-US" xlink:label="lab_dei_DocumentInformationLineItems" xlink:role="http://www.xbrl.org/2003/role/terseLabel" xlink:type="resource" xml:lang="en-US">Document Information [Line Items]</link:label>
    <link:label id="lab_dei_DocumentInformationLineItems_label_en-US" xlink:label="lab_dei_DocumentInformationLineItems" xlink:role="http://www.xbrl.org/2003/role/label" xlink:type="resource" xml:lang="en-US">Document Information [Line Items]</link:label>
    <link:loc xlink:type="locator" xlink:label="loc_dei_DocumentInformationLineItems" xlink:href="https://xbrl.sec.gov/dei/2024/dei-2024.xsd#dei_DocumentInformationLineItems"/>
    <link:labelArc xlink:arcrole="http://www.xbrl.org/2003/arcrole/concept-label" xlink:from="loc_dei_DocumentInformationLineItems" xlink:to="lab_dei_DocumentInformationLineItems" xlink:type="arc" order="1"/>
    <link:label id="lab_dei_DocumentInformationTable_5e29d01c-0aba-4a06-8f33-531ee7ac8a2c_terseLabel_en-US" xlink:label="lab_dei_DocumentInformationTable" xlink:role="http://www.xbrl.org/2003/role/terseLabel" xlink:type="resource" xml:lang="en-US">Document Information [Table]</link:label>
    <link:label id="lab_dei_DocumentInformationTable_label_en-US" xlink:label="lab_dei_DocumentInformationTable" xlink:role="http://www.xbrl.org/2003/role/label" xlink:type="resource" xml:lang="en-US">Document Information [Table]</link:label>
    <link:loc xlink:type="locator" xlink:label="loc_dei_DocumentInformationTable" xlink:href="https://xbrl.sec.gov/dei/2024/dei-2024.xsd#dei_DocumentInformationTable"/>
    <link:labelArc xlink:arcrole="http://www.xbrl.org/2003/arcrole/concept-label" xlink:from="loc_dei_DocumentInformationTable" xlink:to="lab_dei_DocumentInformationTable" xlink:type="arc" order="1"/>
    <link:label id="lab_dei_EntityAddressPostalZipCode_d8a60170-4de3-40ad-95c7-bf23c4eb6c13_terseLabel_en-US" xlink:label="lab_dei_EntityAddressPostalZipCode" xlink:role="http://www.xbrl.org/2003/role/terseLabel" xlink:type="resource" xml:lang="en-US">Entity Address, Postal Zip Code</link:label>
    <link:label id="lab_dei_EntityAddressPostalZipCode_label_en-US" xlink:label="lab_dei_EntityAddressPostalZipCode" xlink:role="http://www.xbrl.org/2003/role/label" xlink:type="resource" xml:lang="en-US">Entity Address, Postal Zip Code</link:label>
    <link:loc xlink:type="locator" xlink:label="loc_dei_EntityAddressPostalZipCode" xlink:href="https://xbrl.sec.gov/dei/2024/dei-2024.xsd#dei_EntityAddressPostalZipCode"/>
    <link:labelArc xlink:arcrole="http://www.xbrl.org/2003/arcrole/concept-label" xlink:from="loc_dei_EntityAddressPostalZipCode" xlink:to="lab_dei_EntityAddressPostalZipCode" xlink:type="arc" order="1"/>
    <link:label id="lab_dei_WrittenCommunications_ed2a28cc-134b-4bb5-b5ec-16e3cd834a67_terseLabel_en-US" xlink:label="lab_dei_WrittenCommunications" xlink:role="http://www.xbrl.org/2003/role/terseLabel" xlink:type="resource" xml:lang="en-US">Written Communications</link:label>
    <link:label id="lab_dei_WrittenCommunications_label_en-US" xlink:label="lab_dei_WrittenCommunications" xlink:role="http://www.xbrl.org/2003/role/label" xlink:type="resource" xml:lang="en-US">Written Communications</link:label>
    <link:loc xlink:type="locator" xlink:label="loc_dei_WrittenCommunications" xlink:href="https://xbrl.sec.gov/dei/2024/dei-2024.xsd#dei_WrittenCommunications"/>
    <link:labelArc xlink:arcrole="http://www.xbrl.org/2003/arcrole/concept-label" xlink:from="loc_dei_WrittenCommunications" xlink:to="lab_dei_WrittenCommunications" xlink:type="arc" order="1"/>
    <link:label id="lab_dei_LocalPhoneNumber_e694a162-ed90-405f-ad31-304e704a3867_terseLabel_en-US" xlink:label="lab_dei_LocalPhoneNumber" xlink:role="http://www.xbrl.org/2003/role/terseLabel" xlink:type="resource" xml:lang="en-US">Local Phone Number</link:label>
    <link:label id="lab_dei_LocalPhoneNumber_label_en-US" xlink:label="lab_dei_LocalPhoneNumber" xlink:role="http://www.xbrl.org/2003/role/label" xlink:type="resource" xml:lang="en-US">Local Phone Number</link:label>
    <link:loc xlink:type="locator" xlink:label="loc_dei_LocalPhoneNumber" xlink:href="https://xbrl.sec.gov/dei/2024/dei-2024.xsd#dei_LocalPhoneNumber"/>
    <link:labelArc xlink:arcrole="http://www.xbrl.org/2003/arcrole/concept-label" xlink:from="loc_dei_LocalPhoneNumber" xlink:to="lab_dei_LocalPhoneNumber" xlink:type="arc" order="1"/>
    <link:label id="lab_dei_Security12bTitle_5260d093-a23e-47d4-b3f0-61a80d2642d9_terseLabel_en-US" xlink:label="lab_dei_Security12bTitle" xlink:role="http://www.xbrl.org/2003/role/terseLabel" xlink:type="resource" xml:lang="en-US">Title of 12(b) Security</link:label>
    <link:label id="lab_dei_Security12bTitle_label_en-US" xlink:label="lab_dei_Security12bTitle" xlink:role="http://www.xbrl.org/2003/role/label" xlink:type="resource" xml:lang="en-US">Title of 12(b) Security</link:label>
    <link:loc xlink:type="locator" xlink:label="loc_dei_Security12bTitle" xlink:href="https://xbrl.sec.gov/dei/2024/dei-2024.xsd#dei_Security12bTitle"/>
    <link:labelArc xlink:arcrole="http://www.xbrl.org/2003/arcrole/concept-label" xlink:from="loc_dei_Security12bTitle" xlink:to="lab_dei_Security12bTitle" xlink:type="arc" order="1"/>
    <link:label id="lab_dei_DocumentPeriodEndDate_639543dc-8155-4f82-ac95-c7b2581d7eb4_terseLabel_en-US" xlink:label="lab_dei_DocumentPeriodEndDate" xlink:role="http://www.xbrl.org/2003/role/terseLabel" xlink:type="resource" xml:lang="en-US">Document Period End Date</link:label>
    <link:label id="lab_dei_DocumentPeriodEndDate_label_en-US" xlink:label="lab_dei_DocumentPeriodEndDate" xlink:role="http://www.xbrl.org/2003/role/label" xlink:type="resource" xml:lang="en-US">Document Period End Date</link:label>
    <link:loc xlink:type="locator" xlink:label="loc_dei_DocumentPeriodEndDate" xlink:href="https://xbrl.sec.gov/dei/2024/dei-2024.xsd#dei_DocumentPeriodEndDate"/>
    <link:labelArc xlink:arcrole="http://www.xbrl.org/2003/arcrole/concept-label" xlink:from="loc_dei_DocumentPeriodEndDate" xlink:to="lab_dei_DocumentPeriodEndDate" xlink:type="arc" order="1"/>
    <link:label id="lab_dei_DocumentType_7689d026-f88d-4dc7-ae6a-8db3bcf2eb9f_terseLabel_en-US" xlink:label="lab_dei_DocumentType" xlink:role="http://www.xbrl.org/2003/role/terseLabel" xlink:type="resource" xml:lang="en-US">Document Type</link:label>
    <link:label id="lab_dei_DocumentType_label_en-US" xlink:label="lab_dei_DocumentType" xlink:role="http://www.xbrl.org/2003/role/label" xlink:type="resource" xml:lang="en-US">Document Type</link:label>
    <link:loc xlink:type="locator" xlink:label="loc_dei_DocumentType" xlink:href="https://xbrl.sec.gov/dei/2024/dei-2024.xsd#dei_DocumentType"/>
    <link:labelArc xlink:arcrole="http://www.xbrl.org/2003/arcrole/concept-label" xlink:from="loc_dei_DocumentType" xlink:to="lab_dei_DocumentType" xlink:type="arc" order="1"/>
  </link:labelLink>
</link:linkbase>
